keyword,pin_url,image_url,title
technology,https://www.pinterest.com/pin/951666965047785998/,https://i.pinimg.com/236x/d1/ee/fd/d1eefdac3eee6d22ab38fc2023e3725b.jpg,two computer monitors sitting on top of a desk
technology,https://www.pinterest.com/pin/679269556337211450/,https://i.pinimg.com/236x/d4/27/64/d42764cb84088a931526a579cd273755.jpg,a laptop computer sitting on top of a table next to an electronic board and wires
technology,https://www.pinterest.com/pin/1010495235149041868/,https://i.pinimg.com/236x/21/56/98/215698a7b3cf5676a86aeaabde2a080d.jpg,closeup of electronic circuit board with many different colored buttons
technology,https://www.pinterest.com/pin/1133570168723187012/,https://i.pinimg.com/236x/5f/e3/35/5fe335886ab5514e0826cf680ea3142e.jpg,a person typing on a keyboard in front of the sun
technology,https://www.pinterest.com/pin/1140325568158677622/,https://i.pinimg.com/236x/d1/c4/ea/d1c4ea24a21ed870c243cf04866dbc4a.jpg,a person using a tablet with an artificial brain on the screen in front of them
technology,https://www.pinterest.com/pin/584553226675856433/,https://i.pinimg.com/236x/00/27/c7/0027c75e98adfe99bf2ee4794c485987.jpg,a cell phone sitting on top of a table next to a cup
technology,https://www.pinterest.com/pin/818388563577810709/,https://i.pinimg.com/236x/3c/f3/15/3cf31549c7524e0beea8dd836a4878c0.jpg,an advertisement for technology expert by tasif presents 3 amazing tech fact you didn't know in 2055
technology,https://www.pinterest.com/pin/878624208563804814/,https://i.pinimg.com/236x/5c/7b/49/5c7b4956edf7f7f2638e77eb21c9546e.jpg,"Science, Technology"
technology,https://www.pinterest.com/pin/185984659607245343/,https://i.pinimg.com/236x/47/d0/44/47d044e24a35021317503a442cfad683.jpg,"a collage of old computers and electronic gadgets with text that reads, i see a gratin woman who won't stop using the internet"
technology,https://www.pinterest.com/pin/81205599526109134/,https://i.pinimg.com/236x/03/2b/b4/032bb4387d0796e02d7e23ac92adea99.jpg,"a robotic hand holding something in the air with blue and pink lights around it,"
technology,https://www.pinterest.com/pin/711146597451063178/,https://i.pinimg.com/236x/23/c5/0a/23c50a96e27c28e3f1094163f1bb81bf.jpg,four different types of electronic circuit boards with the words circuit aesthetic on them
technology,https://www.pinterest.com/pin/903816219438703374/,https://i.pinimg.com/236x/e2/58/ae/e258aef5dbf4072b9e9cf2dad2b8528f.jpg,Technology
technology,https://www.pinterest.com/pin/833869687297527511/,https://i.pinimg.com/236x/ae/fe/17/aefe177728301b28c0bcbbf267822475.jpg,an open laptop computer sitting on top of a white desk next to a mouse and keyboard
technology,https://www.pinterest.com/pin/342414377940925351/,https://i.pinimg.com/236x/1a/e6/42/1ae6427add7a22f4d49d17c9abae84e9.jpg,a woman sitting at a table with a cell phone in front of her and the words berlin on it
technology,https://www.pinterest.com/pin/581597739423216655/,https://i.pinimg.com/236x/4b/34/b3/4b34b394eafdaaafd5d8296d1354d13d.jpg,"an apple watch, cell phone, laptop and other electronics on a desk with neon lighting"
technology,https://www.pinterest.com/pin/874190977679299330/,https://i.pinimg.com/236x/8d/5e/44/8d5e4486c7be555b4d6a83e36f9a1ba7.jpg,an advertisement for tech that vanises with various electronic devices
technology,https://www.pinterest.com/pin/4574037117392897/,https://i.pinimg.com/236x/2e/dc/2e/2edc2e06071ab6f035331dcf6cc588e6.jpg,"three small electronic devices in the palm of someone's hand, each with a keychain"
technology,https://www.pinterest.com/pin/562457440983150886/,https://i.pinimg.com/236x/94/ca/53/94ca53c8a4c3b2db9767eb37c868eade.jpg,an old typewriter sitting on top of a table with lots of buttons and knobs
technology,https://www.pinterest.com/pin/1070238298972815926/,https://i.pinimg.com/236x/8b/3e/ac/8b3eace2016feeaaa1d52059ae3645aa.jpg,an open laptop computer sitting on top of a wooden desk next to notebooks and pens
technology,https://www.pinterest.com/pin/1024428246497409538/,https://i.pinimg.com/236x/b2/82/72/b28272d21b3c917ec51648fe3e31bcac.jpg,a person holding an mp3 player in their hand on top of a white sheet covered bed
technology,https://www.pinterest.com/pin/1138918193288204292/,https://i.pinimg.com/236x/3c/d7/78/3cd7784b136319c91c0f1a853693b6a7.jpg,a virtual reality headset sitting on top of a table in front of a city
technology,https://www.pinterest.com/pin/1086282372631114881/,https://i.pinimg.com/236x/6e/4f/58/6e4f58583cc8c00e9a804ae68178a8f1.jpg,an iphone case sitting on top of a car seat next to a pen and phone
technology,https://www.pinterest.com/pin/728809152236730518/,https://i.pinimg.com/236x/e8/6b/2e/e86b2ef7b0e6fd6ac6df3a709f0c9b29.jpg,a coffee cup sitting in front of a computer monitor
technology,https://www.pinterest.com/pin/491314640624109859/,https://i.pinimg.com/236x/5a/05/b3/5a05b36cada059d61368322c88a07fc0.jpg,a black and white poster with the words how technology is making the world better on it
technology,https://www.pinterest.com/pin/1039487157752404960/,https://i.pinimg.com/236x/2a/6f/fe/2a6ffee9f699c69269a64e96daeb07d5.jpg,a green computer keyboard sitting on top of a pink table next to a white mouse
technology,https://www.pinterest.com/pin/523191681734624170/,https://i.pinimg.com/236x/03/38/b0/0338b010524fa4f7ff7e6c717ff2dc7c.jpg,a hand touching the screen on top of a cell phone with fingerprints coming out
technology,https://www.pinterest.com/pin/1133007218764465045/,https://i.pinimg.com/236x/05/21/b4/0521b4ff64f43e7084cdd9beccf5139e.jpg,a hand touching a robot's finger on top of a futuristic surface with glowing lights
technology,https://www.pinterest.com/pin/40954677857642820/,https://i.pinimg.com/236x/82/86/b2/8286b25667d3a2723e055e335bffbbe7.jpg,"an electronic board with many different components on it's surface, including cpus and chips"
technology,https://www.pinterest.com/pin/1135610862297656738/,https://i.pinimg.com/236x/f3/4e/93/f34e937a561dfd70046ca0e82f2e7756.jpg,a computer surrounded by various electronic devices and gadgets on a blue background with lines
technology,https://www.pinterest.com/pin/586593920257646240/,https://i.pinimg.com/236x/c4/75/99/c475993630e85d0773db2ebc8aaf0a7f.jpg,a robot that is standing in front of a screen
technology,https://www.pinterest.com/pin/116460340359707163/,https://i.pinimg.com/236x/50/f6/34/50f634e299c425fcf7a1e8ce203843e6.jpg,"an image of a computer screen with many words on it, including the word's name"
technology,https://www.pinterest.com/pin/786089310040842769/,https://i.pinimg.com/236x/73/02/26/730226cc5b1721491793e1f8da2a13f7.jpg,"Explore the exciting ways artificial intelligence is reshaping the workplace landscape. From enhancing productivity through smart automation to facilitating dynamic collaboration among teams, AI is revolutionizing how we work. Imagine personalized learning experiences that adapt to individual needs and intuitive tools that streamline decision-making processes. Tech Posters Design, Internet Infographic, Infographic Technology, Ict Poster, Poster Technology Design Graphics, Technology Infographic, Poster Design For School Project, Software Illustration, Poster Technology"
technology,https://www.pinterest.com/pin/1136384918484116009/,https://i.pinimg.com/236x/01/06/fc/0106fc4a283d788d21ebd2e561cc49e6.jpg,the new technology trend in 2055
technology,https://www.pinterest.com/pin/1048423988268396114/,https://i.pinimg.com/236x/d1/2b/2e/d12b2e487700986e616ed31ef9a2a52d.jpg,an image of a robot that is typing on a computer keyboard with the words your idea our technology
technology,https://www.pinterest.com/pin/889601732654732621/,https://i.pinimg.com/236x/b4/ae/bd/b4aebd1535a729fbf5649585ac3b10b9.jpg,an open laptop computer sitting on top of a table next to network lines and data
technology,https://www.pinterest.com/pin/888898045211698727/,https://i.pinimg.com/236x/4c/1b/8d/4c1b8dd72f2a001c4fca17e0a535111b.jpg,Futuristic AI-Enhanced Office Environment Free Stock Image Freevisuals
technology,https://www.pinterest.com/pin/874190977679311255/,https://i.pinimg.com/236x/ca/fe/47/cafe47094c0221e46d16c87c67452557.jpg,an image of a cell phone with various icons coming out of the screen and on top of it
technology,https://www.pinterest.com/pin/801077852520736341/,https://i.pinimg.com/236x/a9/0c/43/a90c43bc8c9e1c715045db359e635890.jpg,"the cover of technology and creativity, with an image of a brain on top of it"
technology,https://www.pinterest.com/pin/422281211322125/,https://i.pinimg.com/236x/aa/94/08/aa94081d951932d21b2f83f3737d4f10.jpg,a hand is pointing at an electrical device
technology,https://www.pinterest.com/pin/14496030045838409/,https://i.pinimg.com/236x/8f/a0/91/8fa091cafc82c2615453420e4e47e851.jpg,a person holding up a cell phone with the time displayed on it's screen
technology,https://www.pinterest.com/pin/23573598047112167/,https://i.pinimg.com/236x/ec/fb/d7/ecfbd71f02f83cdd0dfa58af3db3dbcd.jpg,an illustration of a person laying on the ground with a laptop and other objects surrounding them
technology,https://www.pinterest.com/pin/39265827998957350/,https://i.pinimg.com/236x/af/70/83/af708354dc7994b636d6200546b4e3c0.jpg,Ultimate FUI HUD Library
technology,https://www.pinterest.com/pin/755760381260301641/,https://i.pinimg.com/236x/64/6b/37/646b37da6c9ec7ac82706d02ec7fd6de.jpg,"Computational Biology, Biology, Linux"
technology,https://www.pinterest.com/pin/9359111721646784/,https://i.pinimg.com/236x/bc/b9/aa/bcb9aaf9f0a2051534e804112aca3b9b.jpg,a person laying in bed with their arm wrapped around an electronic device
technology,https://www.pinterest.com/pin/8725793024101523/,https://i.pinimg.com/236x/de/8d/5a/de8d5a6047b0bc9a0b968e2ea7783556.jpg,many electronic devices are stacked on top of each other with the word hello written above them
technology,https://www.pinterest.com/pin/851743348317280717/,https://i.pinimg.com/236x/15/de/70/15de703f4f1f971465ea727549b7f4d3.jpg,an open laptop computer sitting on top of a wooden desk
technology,https://www.pinterest.com/pin/13651605115342294/,https://i.pinimg.com/236x/bc/c9/62/bcc962368fd5331c2493a71832bc5049.jpg,two people looking at an electronic device in a factory with other people working behind them
technology,https://www.pinterest.com/pin/77335318595634160/,https://i.pinimg.com/236x/9d/fa/dc/9dfadc508beb1c1d651eaa4d5ea0a4c8.jpg,a machine that is working on some electronics
technology,https://www.pinterest.com/pin/191332684165874863/,https://i.pinimg.com/236x/5e/31/46/5e314649a4fbf36f915bdcf149c0a080.jpg,the inside of a computer motherboard with many wires
technology,https://www.pinterest.com/pin/267260559133122981/,https://i.pinimg.com/236x/2f/d6/08/2fd60817a7104a0cfd536bafffe20dd3.jpg,an old fashioned camera sitting on top of a tripod
interior design,https://www.pinterest.com/pin/813462751483880090/,https://i.pinimg.com/236x/c7/28/a9/c728a91eb7f22c8efad7a49d9121eb52.jpg,"Interior Design, Design"
interior design,https://www.pinterest.com/pin/1115626138955208339/,https://i.pinimg.com/236x/32/b9/51/32b951947d09ae6db0ff7928e847287e.jpg,a living room filled with lots of furniture and decor on top of a hard wood floor
interior design,https://www.pinterest.com/pin/398357529562114014/,https://i.pinimg.com/236x/8c/d7/73/8cd773b4737617760d704a1492830e9d.jpg,the living room is clean and ready for us to use it's windowsills
interior design,https://www.pinterest.com/pin/602708362671878747/,https://i.pinimg.com/236x/cb/7f/8b/cb7f8b1b73395caedb685a0e74f95e85.jpg,"Apartment decor interior design Decor Interior Design, Interior Decorating, Apartment, Interior Design, Design"
interior design,https://www.pinterest.com/pin/555631672796721882/,https://i.pinimg.com/236x/00/84/14/008414b99c1428a8fe0ee11a00d0078e.jpg,a living room filled with furniture and a painting on the wall
interior design,https://www.pinterest.com/pin/558657528799166843/,https://i.pinimg.com/236x/a5/ca/2a/a5ca2a02b472cd5ca89a03a70352a061.jpg,a living room filled with furniture next to a window
interior design,https://www.pinterest.com/pin/365565694776847137/,https://i.pinimg.com/236x/40/a6/3c/40a63c82d23e8bf52554ac6154094ed8.jpg,a dining room table and chairs with candles on the table in front of a window
interior design,https://www.pinterest.com/pin/677369600244882693/,https://i.pinimg.com/236x/21/25/79/21257965861e3646bfb58e29ec2e6833.jpg,a living room filled with furniture and a staircase
interior design,https://www.pinterest.com/pin/518899188339972798/,https://i.pinimg.com/236x/50/bc/6f/50bc6f1d406472fb084afbbaa790e39b.jpg,a room filled with lots of potted plants next to a table and chair in front of a window
interior design,https://www.pinterest.com/pin/459296862020871539/,https://i.pinimg.com/236x/9a/ce/fd/9acefdff7818e7163933298bc3d97e63.jpg,a living room filled with furniture next to two large windows and a chandelier
interior design,https://www.pinterest.com/pin/700732023311519356/,https://i.pinimg.com/236x/04/ae/33/04ae334c134c08b8074a8ea6fb124376.jpg,a living room filled with furniture and large windows
interior design,https://www.pinterest.com/pin/103934703898401447/,https://i.pinimg.com/236x/89/ba/b6/89bab60408590305441ffc29c48b5e2d.jpg,a living room filled with lots of furniture and bookshelves next to a window
interior design,https://www.pinterest.com/pin/440789882306925397/,https://i.pinimg.com/236x/1f/76/f4/1f76f417f4e4e01c40453fd8e5e79578.jpg,a living room filled with lots of books and furniture
interior design,https://www.pinterest.com/pin/517632550943349755/,https://i.pinimg.com/236x/3b/f8/b6/3bf8b6dec79e120beb389d2c9075fdae.jpg,"a kitchen with an oven, dishwasher and window"
interior design,https://www.pinterest.com/pin/385057836912238020/,https://i.pinimg.com/236x/9d/ed/8e/9ded8eaedf837635828172dce1e103bc.jpg,a living room filled with furniture and a lamp
interior design,https://www.pinterest.com/pin/251709066669960888/,https://i.pinimg.com/236x/08/39/a2/0839a2e49ed21d213caec729aa510f87.jpg,a living room filled with furniture and lots of windows covered in sunlight coming through the window
interior design,https://www.pinterest.com/pin/3870349675086072/,https://i.pinimg.com/236x/88/54/c8/8854c80b8a0fc4df54ad5245d93a203d.jpg,a living room filled with lots of furniture and flowers on top of a coffee table
interior design,https://www.pinterest.com/pin/1082341722958135853/,https://i.pinimg.com/236x/dc/9f/3c/dc9f3cb3f97ec9e62dd4a0ed28dc8588.jpg,a living room filled with furniture next to a wooden floor covered in white walls and windows
interior design,https://www.pinterest.com/pin/594756694583208299/,https://i.pinimg.com/236x/b2/a8/45/b2a84571ccd58770163dad6b03e6c203.jpg,a living room filled with furniture and lots of windows next to a piano in front of a large window
interior design,https://www.pinterest.com/pin/1115626138955107819/,https://i.pinimg.com/236x/bf/3a/37/bf3a37408d3bbe64b5ccb68a257603fb.jpg,a living room filled with lots of furniture next to two windows and a wooden floor
interior design,https://www.pinterest.com/pin/351912466560464/,https://i.pinimg.com/236x/17/44/24/17442425b19f5c5fc5ae806e30f7c100.jpg,a living room filled with lots of furniture and pictures on the wall above it's windows
interior design,https://www.pinterest.com/pin/1022457921661256213/,https://i.pinimg.com/236x/8f/10/ea/8f10ea65e46c0ab61c9b35f3feb40571.jpg,a bed sitting in a bedroom next to a window filled with lots of pictures on the wall
interior design,https://www.pinterest.com/pin/36873290701819865/,https://i.pinimg.com/236x/cc/f1/c0/ccf1c0dd9cc2647a8e0f0bce7a1e03b4.jpg,a living room filled with furniture and lots of windows
interior design,https://www.pinterest.com/pin/9499849210195399/,https://i.pinimg.com/236x/51/2f/b7/512fb70046d9a81112d69f25c8438301.jpg,a collage of different rooms with furniture and decor
interior design,https://www.pinterest.com/pin/329888741476266334/,https://i.pinimg.com/236x/39/4e/36/394e3656a978bc367aea082774188f1e.jpg,a living room with two chairs and a table in front of large windows on the wall
interior design,https://www.pinterest.com/pin/30117891252838765/,https://i.pinimg.com/236x/f0/14/35/f01435aea52d22991d7130acc69cb84c.jpg,a dining room table with chairs and pictures on the wall
interior design,https://www.pinterest.com/pin/351912465004052/,https://i.pinimg.com/236x/ad/b4/b1/adb4b193ffad74d74df9644b43e5aa91.jpg,a living room filled with furniture next to a stair case
interior design,https://www.pinterest.com/pin/996702961289732951/,https://i.pinimg.com/236x/b2/92/30/b29230961c4c95b1cf6a81b39564586c.jpg,a bed room with a neatly made bed and lots of books on the floor next to a window
interior design,https://www.pinterest.com/pin/920282505114355765/,https://i.pinimg.com/236x/9f/a5/55/9fa55567fb3ca2bf9c305b47655fd5e9.jpg,a living room filled with lots of furniture next to large windows and a wooden table
interior design,https://www.pinterest.com/pin/844493675672842/,https://i.pinimg.com/236x/eb/3e/a7/eb3ea7eb318c48f9e6700a3ceab1e861.jpg,a living room filled with furniture and a painting hanging on the wall over a table
smart home,https://www.pinterest.com/pin/1099582065793950405/,https://i.pinimg.com/236x/2d/5a/4f/2d5a4f4e77f5ac60190327f180d3f421.jpg,an appliance in the middle of a kitchen next to a plate with food on it
smart home,https://www.pinterest.com/pin/1099582065794039739/,https://i.pinimg.com/236x/c9/c5/c1/c9c5c18dc18568ca7a746084761a7c67.jpg,a room with a robot that is on the floor
smart home,https://www.pinterest.com/pin/1068830924073979682/,https://i.pinimg.com/236x/4a/32/33/4a323362f8b038312b40ac4193080568.jpg,the smart home starter kit is on display
smart home,https://www.pinterest.com/pin/896920082050717752/,https://i.pinimg.com/236x/db/6a/1a/db6a1a27b87a824c083f29e01b3675b7.jpg,"Stylish smart home setup with a central smart hub, voice assistants, smart remote, and control panel on a wooden table in a cozy living room."
smart home,https://www.pinterest.com/pin/1056375656355957359/,https://i.pinimg.com/236x/fd/d7/7d/fdd77d3a408b2dd3166cacab2a8ad523.jpg,Smart Home Décor Ideas
smart home,https://www.pinterest.com/pin/896920082051230036/,https://i.pinimg.com/236x/73/1d/03/731d03f9c9e27f382c1accf888b1e093.jpg,"A modern smart living room with orange and purple LED lighting, a wall-mounted TV above a floating console, and a tablet on the coffee table displaying smart home controls. A sleek sofa faces the city skyline through large windows."
smart home,https://www.pinterest.com/pin/295408056839343621/,https://i.pinimg.com/236x/5b/7b/cf/5b7bcf459276daf5a191fd2e1098e333.jpg,"an advertisement for the advantages of smart homes for seniors, with icons and symbols"
smart home,https://www.pinterest.com/pin/863706034826917678/,https://i.pinimg.com/236x/57/51/b8/5751b86eed3d665a939884ab6939305d.jpg,an image of a box with a wireless device in it's packaging on a white background
smart home,https://www.pinterest.com/pin/2392606045485167/,https://i.pinimg.com/236x/41/99/61/4199610dcb4d650cb1f53c55bfa91dae.jpg,a woman pointing at the touch screen on a stainless steel refrigerator that is built into the wall
smart home,https://www.pinterest.com/pin/1099582065793653633/,https://i.pinimg.com/236x/57/ea/3a/57ea3a61d5edb1f68f543b11840079c3.jpg,a living room filled with furniture and a blue light on the wall next to it
smart home,https://www.pinterest.com/pin/4606338081053446400/,https://i.pinimg.com/236x/8b/cb/4d/8bcb4d57d6c3ec170396028f900ff0d9.jpg,a cat laying on top of a cardboard box under a desk with wires and cords
smart home,https://www.pinterest.com/pin/1548181185848525/,https://i.pinimg.com/236x/7e/e7/65/7ee765e87c9d9ca86045633137061645.jpg,"an advertisement for smart home ideas, with images of devices and instructions to use them"
smart home,https://www.pinterest.com/pin/11962755256619688/,https://i.pinimg.com/236x/15/ef/0c/15ef0c45d1c69975233bcbdee0277e69.jpg,an appliance is mounted on the side of a door
smart home,https://www.pinterest.com/pin/4609856511983650048/,https://i.pinimg.com/236x/c8/c9/55/c8c955a47e2c9a4f45e85b8a3c56809e.jpg,a camera mounted on the side of a brick wall next to a door handle and lock
smart home,https://www.pinterest.com/pin/1130122100252848796/,https://i.pinimg.com/236x/69/fc/f0/69fcf04c3ed6649e000dbe50537c5f52.jpg,a flat screen tv sitting on top of a white entertainment center in a living room
smart home,https://www.pinterest.com/pin/11470174046357012/,https://i.pinimg.com/236x/9f/79/c2/9f79c2aa1003a2aa03b964ecb1ce10c7.jpg,the contents of a smart home tech kit are shown in this graphic above it's description
smart home,https://www.pinterest.com/pin/85568461666644864/,https://i.pinimg.com/236x/43/0c/59/430c59725a1836973a7376c959766832.jpg,a roomba that is sitting on the floor in front of a white wall and some furniture
smart home,https://www.pinterest.com/pin/161496336633301616/,https://i.pinimg.com/236x/74/f9/71/74f97151a99854da0d3945e8375ea3d1.jpg,a room with a robot on the floor next to a cell phone and other electronic devices
smart home,https://www.pinterest.com/pin/107804985306444783/,https://i.pinimg.com/236x/ee/c7/96/eec796700e4f7f075e896f31378d6876.jpg,a smart phone sitting on top of a wooden table in front of a gray couch
smart home,https://www.pinterest.com/pin/245586985929337814/,https://i.pinimg.com/236x/90/23/31/90233169de77a35f49c6cc494841866f.jpg,an apple home button sitting on top of a table in front of a circular mirror
smart home,https://www.pinterest.com/pin/4599019713211226624/,https://i.pinimg.com/236x/52/ad/0b/52ad0b0c3c759837edfe56aa9131d012.jpg,"an iphone screen showing the settings for various devices and their respective features, including remote controls"
smart home,https://www.pinterest.com/pin/38843615660583507/,https://i.pinimg.com/236x/93/2b/5e/932b5e650b70f2fec3862aaf5d77dedd.jpg,a white wall with a black frame on it and a clock mounted to the wall
smart home,https://www.pinterest.com/pin/1131318368905388329/,https://i.pinimg.com/236x/b8/e0/a0/b8e0a0af705965914c17aec038d98fa8.jpg,a white kitchen counter top with food on it and a bowl of fries next to it
smart home,https://www.pinterest.com/pin/331718328824590114/,https://i.pinimg.com/236x/25/f2/1b/25f21b8e1b60e5088dc5b000dac9adce.jpg,13 Cool Smart Home Devices That Will Make You Feel Like You're in the Future (#7 Is Amazing!)
smart home,https://www.pinterest.com/pin/896920082050632551/,https://i.pinimg.com/236x/f9/37/0b/f9370bf163c66e1c22412558715638e2.jpg,"A modern living room interior with minimalist furniture, smart devices like Echo Show, smart speaker, wall-mounted TV, and smart blinds, blending comfort with futuristic technology"
smart home,https://www.pinterest.com/pin/92253492362299619/,https://i.pinimg.com/236x/9e/aa/b7/9eaab78367f9f3343830129fee35660c.jpg,"Create a seamless smart home experience with integrated technology that enhances comfort and convenience. #SmartHome #ModernTech #IntegratedLiving House Technology, Technology House, Smart Technology, Smart House, Smart House Ideas Technology, High Tech Interior, Luxury Tv Wall, Futuristic Interior Design, Smart Apartment"
smart home,https://www.pinterest.com/pin/271482683782704274/,https://i.pinimg.com/236x/07/15/e0/0715e09fedd032da525b39228bcfbc76.jpg,a large flat screen tv mounted to the side of a wall
smart home,https://www.pinterest.com/pin/941111653392686693/,https://i.pinimg.com/236x/5e/da/5f/5eda5fc6068e65988ed9842e2334fc80.jpg,smart-home-gadgets-for-the-elderly
smart home,https://www.pinterest.com/pin/124693483426949724/,https://i.pinimg.com/236x/30/ea/62/30ea626ee87f64a4b06abc03953e3788.jpg,an electronic device is sitting on top of a table next to a lamp and pictures
smart home,https://www.pinterest.com/pin/373658100353766759/,https://i.pinimg.com/236x/af/2c/19/af2c190a07c91498ad1d56c1a5abcae8.jpg,"Modern smart home design featuring Hominexus smart lock, smart door handle, smart security camera, and touchscreen control panel in a sleek living room."
smart home,https://www.pinterest.com/pin/41236152832833754/,https://i.pinimg.com/236x/ba/9f/69/ba9f6929049a4b32410cca32040eca50.jpg,the google home mini is sitting on top of a map
smart home,https://www.pinterest.com/pin/345792077663770575/,,smart home app on ipad displayed on wall in modern home
smart home,https://www.pinterest.com/pin/406238828910280199/,https://i.pinimg.com/236x/0a/2c/9b/0a2c9b0283755d418751fd9a74c110ac.jpg,"the text reads, a smarter start how the home pod mini makes smart homes actually easy"
smart home,https://www.pinterest.com/pin/1097048790498392646/,https://i.pinimg.com/236x/bb/48/92/bb4892ed9fdfdb15e99fd4d24f8ede9a.jpg,"Step into the future with AI-powered smart homes! Discover how artificial intelligence is transforming everyday living—automating lights, security, temperature, and entertainment to create safer, smarter, and more energy-efficient homes.

#SmartHome #AItechnology #HomeAutomation #FuturisticHomes #InteriorTech #SustainableLiving #SmartLiving #AIpowered Investment Tips, Smart Living, Real Estate News, Energy Efficient Homes, Luxury Property, Home Automation, Investment Property, Sustainable Living, Real Estate Investing"
smart home,https://www.pinterest.com/pin/983332899896509858/,https://i.pinimg.com/236x/c0/8b/22/c08b22060a9c786275be67ad94014066.jpg,an image of a living room and kitchen in the shape of a house with connected appliances
smart home,https://www.pinterest.com/pin/26036504091481581/,https://i.pinimg.com/236x/54/ed/73/54ed73285b70518eb998b26862881c45.jpg,a person is holding thermometer next to a table lamp and potted plant
smart home,https://www.pinterest.com/pin/149392912634117943/,https://i.pinimg.com/236x/bb/bb/4b/bbbb4b01586f5c3b1eb81392a7741e82.jpg,the cloud is surrounded by various electronic devices
smart home,https://www.pinterest.com/pin/15833036180995308/,https://i.pinimg.com/236x/35/01/32/3501328ffa8399086690f497b20a6fcd.jpg,an appliance mounted to the wall in a kitchen
smart home,https://www.pinterest.com/pin/125960120823241252/,https://i.pinimg.com/236x/f2/86/7e/f2867e6da76514d650a29b0063b70363.jpg,smart home app on ipad
smart home,https://www.pinterest.com/pin/1196337404813150/,https://i.pinimg.com/videos/thumbnails/originals/32/9a/1d/329a1decb7ffb42c0c26ac6297669828.0000000.jpg,This may contain: a hand is pressing the button on an appliance that displays weather and temperature
